ImageFilename,GlassDamage,WaterDamage,BumperDamage,RolledOver,SideDoorDamage,SlidOffRoad,UrbanLocation,SuburbanLocation,RuralLocation,DayTime,NightTime,ClearWeather,RainyWeather,SnowyWeather,DryRoadCondition,WetRoadCondition,SnowyRoadCondition,Bumps&Dings,EngineDamage,ExtremeDamageSeverity,HighDamageSeverity,ModerateDamageSeverity,LowDamageSeverity,NoDamageSeverity
car-accident-00088.jpg,20.9424481,0.8497496999999999,92.8538561,3.23750675,15.3154671,10.2914914,7.467206,77.36349700000001,37.270623400000005,93.26941,15.620303199999999,90.752697,6.2118955,14.5032465,89.69351,8.514542,17.839776,98.610884,52.67370999999999,15.312915999999998,27.330216800000002,23.2135624,66.1143363,2.004836
car-accident-00597.jpg,40.447359999999996,41.7176,23.3307913,2.58056745,6.688495,6.320531999999999,3.24088559,58.67499000000001,69.03055,95.55576,13.912650900000001,85.9414,17.81171,1.32704144,43.8837975,72.1076131,1.74706373,40.5706376,28.65683,16.546912499999998,27.2990525,15.6765223,23.7469286,0.904952
car-accident-00456.jpg,16.8355241,2.85270512,66.80635000000001,1.6369193800000001,12.5468358,7.229533000000001,24.3508428,92.05700999999999,42.92245,96.45768,29.91586,98.80324,3.7533216199999995,7.53669,98.3689547,4.69038635,15.6314746,83.2849741,9.77252945,3.701624,15.7858461,40.9122974,85.75808,69.53362
car-accident-00688.jpg,4.59197126,99.0232766,10.05057,2.83750072,3.5583436500000003,25.6309062,6.2214978,49.7145444,88.8498,99.64636999999999,4.32251766,84.2234969,58.0752134,34.8150134,2.85218731,98.90995620000001,31.296804499999997,8.925404,79.58108,32.832276799999995,68.7218845,77.82431,10.862397399999999,6.758285
car-accident-00205.jpg,63.4674251,7.657450440000001,75.40557,96.23886350000001,75.4019141,80.6022167,16.4323777,34.511720000000004,90.98644999999999,93.372184,38.52971,92.921555,45.34392,13.049382000000001,88.45132,65.799284,5.237557000000001,95.32652499999999,70.00343,96.437794,19.781056,18.881630899999998,4.27776538,1.873364
car-accident-00678.jpg,11.4586875,1.9687831400000002,47.02073,0.9612176,11.316781500000001,12.4493107,21.670638,81.3474655,27.6441365,66.22903,68.2026,90.46252369999999,6.682199,5.25519028,88.38395,19.623450000000002,3.8474960000000005,46.4887559,24.105082499999998,3.7488720000000004,22.269699000000003,35.7472539,16.32437,68.38865
car-accident-00645.png,97.9285061,0.9257546999999999,5.390567,3.1006473999999997,3.6136962500000003,2.13358551,0.775792962,93.74839,32.1700066,99.08166,3.72762866,99.08051490000001,0.8707396,1.36065055,98.5325933,2.851407,2.78045647,27.2550225,4.036145,3.3074036199999997,3.34325954,3.85649167,97.8598356,0.0479286944
car-accident-00716.jpg,47.9061753,10.0294478,64.86291,0.335494988,34.7078,11.559314299999999,27.7948558,74.24824,22.0329165,95.02285,16.653370000000002,73.9418566,35.31792,8.5222736,33.072823299999996,71.2569,5.565249,76.3797343,62.74579,6.580514460000001,61.50419,36.9363874,7.348050000000001,3.928326
car-accident-00096.jpg,17.83364,12.1984996,66.6528165,0.4745643,21.7515841,21.127343200000002,14.796668299999999,89.48760999999999,46.881786,98.3853757,12.4794036,97.6672,7.573345,7.420356999999999,91.30346,27.26185,16.9956028,76.52203440000001,28.033205900000002,5.14644645,35.434293700000005,45.9899634,41.6538268,80.81808000000001
car-accident-00366.jpg,30.98144,3.60808522,96.4104533,3.590648,21.9711408,14.9542585,41.39334,85.37004999999999,35.28038,98.65929,9.477173,97.26168,16.5015027,8.11789259,96.46927,16.1665648,17.0516714,98.4211147,62.3423755,15.957443399999999,59.664530000000006,53.20599,39.6187156,14.6366477
car-accident-00085.jpg,10.206279199999999,4.421012,58.71363000000001,6.038563,10.805464500000001,9.835835,22.977381899999997,82.33421,36.268645500000005,93.67573999999999,27.55337,97.18923000000001,4.97912131,7.5691690000000005,96.08584,9.305104,7.731064410000001,77.83849000000001,10.8162574,12.2510083,12.6330748,22.6990491,66.3272738,59.740289999999995
car-accident-00502.jpg,60.18808,0.33621164000000003,95.21522,0.208356837,39.14861,31.14908,8.871931,85.2246,45.1805264,98.9209056,6.286418,99.16850000000001,4.94811237,4.24927063,98.13060999999999,5.75433932,18.2728961,98.22836000000001,58.02015,4.02850658,44.33514,37.009236200000004,49.614599999999996,18.651947399999997
car-accident-00471.jpg,2.16033719,0.125614647,87.20492,0.140598114,0.46319380000000004,0.293505238,1.34325195,94.18718,4.781193999999999,97.91222,1.00070257,98.17472699999999,0.0941694947,0.4085822,98.82279630000001,0.13258832,1.12094115,91.81112,0.41364130000000005,0.274988357,0.388248242,6.334738430000001,96.5034,2.33489946
car-accident-00091.jpg,2.7641451,11.54005,82.92568,2.14672741,5.89437373,18.339213700000002,13.603553199999999,91.4631665,36.2995744,99.22561,7.332432999999999,98.39304,4.23584953,10.393034700000001,95.16519,10.3721716,18.206571,87.58529419999999,6.83290362,3.33032422,16.6064486,54.33523,85.30311999999999,30.719965700000003
car-accident-00360.jpg,52.3780346,3.57365422,93.71648,0.601194147,33.5810632,20.511508,25.079410000000003,77.29325,63.93061,98.81923,15.032541799999999,96.45364,12.0478779,15.7160953,91.62575,34.807753600000005,15.854454,96.59127,81.7534745,26.062279999999998,74.4803,39.97836,23.8335222,4.72041331
car-accident-00617.png,98.84617,1.553413,26.2016356,0.452006236,28.711351800000003,11.954315,1.1709502,88.84537,75.8575559,99.69230999999999,3.5674940000000004,99.02054,2.21327227,3.5112135099999997,97.14913,2.346118,14.2097116,85.04545,23.58783,11.6373777,15.5773789,26.211553799999997,98.1149,0.0431625784
car-accident-00646.png,85.64838,5.894634,26.153579999999998,14.028170000000001,23.27096,8.624004000000001,6.971671,77.5613844,50.46211,95.4498351,15.2484179,95.92291,11.9862184,1.7714181900000001,95.59919000000001,16.360037,3.48330252,67.30942,16.0573214,33.6085945,5.616726,11.2596147,92.25334,1.6357112699999998
car-accident-00190.jpg,71.52014,1.34167131,83.68348,97.80019,91.66622,96.34459,3.842735,10.0174814,96.84779999999999,98.2178152,5.51441237,87.11461419999999,21.875439999999998,15.5157387,82.94682,47.1767664,10.5777815,97.43669,69.74321,97.29938,38.792163099999996,7.023968,1.16577577,0.3047887
car-accident-00518.jpg,20.66799,4.9296096,57.5735867,0.30330487100000003,14.516253800000001,6.8612434,72.1387565,75.24191,2.7187258,95.655787,2.23879814,86.9948268,16.0115227,3.130533,82.814616,34.1050565,4.33863252,67.8116441,23.0185032,1.0208336599999999,39.3221319,34.346959999999996,26.38182,77.2227168
car-accident-00176.jpg,63.5826,2.62353327,92.53221,86.4286065,42.60198,52.22852,17.850730000000002,48.3698726,84.7287357,97.05521999999999,13.540215799999999,94.0327644,25.580940000000002,5.60055673,94.71667000000001,17.7397236,10.7052617,97.9941845,81.80599,97.76823519999999,18.5653552,6.872196499999999,3.10832057,0.8762043
car-accident-00092.jpg,15.9999,1.53419785,85.1240456,4.7454066599999996,11.928680499999999,8.41321647,6.837825479999999,85.5968,35.71873,95.08185999999999,11.0359423,91.34832,4.885284599999999,20.0027391,83.510226,10.213977100000001,22.7729246,97.1015334,47.5191832,12.82643,27.024070000000002,21.446766,74.11942,2.0776188
car-accident-00097.jpg,13.4032443,3.02855223,35.713519999999995,0.24359724500000002,15.34895,6.07806034,17.8286269,73.53359,40.03707,90.00439999999999,24.8942584,96.09956,4.106188,3.7164363999999996,94.92098,9.95927,4.43833955,37.134707,12.2436382,2.116136,17.5963476,33.745688200000004,22.7519512,82.5588763
car-accident-00338.jpg,27.4198145,63.717913599999996,47.4472642,45.2843547,30.3764343,86.40832,4.35580648,26.814529999999998,97.75682690000001,99.50523,8.209048,75.56986,23.705080000000002,76.73010000000001,39.3723547,55.161505899999995,70.0614631,56.910485,43.9988822,67.97749400000001,23.179587700000003,70.59183,11.7476687,4.617387
car-accident-00562.jpg,31.57684,1.93875078,56.820119999999996,3.7333749999999997,28.37003,12.2505054,7.733302559999999,55.694425100000004,34.0752,82.52786,10.7910171,89.65467000000001,4.0576145100000005,2.0340651299999997,90.05030000000001,4.609475,1.81442853,79.24236,18.460989,14.9845749,9.499831499999999,19.1336,14.5977736,33.7709457
car-accident-00294.jpg,56.302964700000004,7.994719999999999,44.932147900000004,2.265493,41.9305772,73.24537,27.6091933,53.54739429999999,72.43592,97.919476,11.798545,47.558683200000004,33.934685599999995,68.5122132,46.421099999999996,56.73929,50.860965300000004,79.2098045,37.756905,11.469347,75.3100038,70.53368,7.0182709999999995,8.419925000000001
car-accident-00706.jpg,62.78969,7.50316754,81.892854,30.9510976,72.46878,34.0207338,27.121570000000002,33.92802,74.8289645,85.4195833,23.5279247,40.16116,73.46667,19.122827100000002,18.9676419,87.93225,10.508851,87.80301,80.214113,67.34814999999999,71.79876,50.69445,0.8361197,1.599491
car-accident-00458.jpg,58.61456390000001,1.29606593,45.337677,0.8308887480000001,7.580373,10.36193,2.91530639,98.5101044,24.3645027,98.66484,20.0053319,99.12749,2.9283436,4.90111373,99.11624,1.7934914699999998,18.0413932,77.9838,2.32263636,1.49225118,9.295024,32.929846600000005,99.29151,7.51268044
car-accident-00517.jpeg,5.3722325699999995,14.120318000000001,20.1937512,0.338804885,10.2317676,10.1503633,45.45435,65.9007967,19.7575063,89.39884310000001,9.438876,89.77154,19.699733,1.5957512,79.6552241,38.52903,1.0864188000000001,17.6779225,23.356923499999997,2.560015,15.39455,25.2570033,13.3510992,87.66526999999999
car-accident-00134.jpg,61.1696661,19.10767,92.45531,3.384743,72.7780759,66.207695,9.172685,79.7531962,81.60946369999999,98.61683,15.683957900000001,98.468864,15.4112741,4.89407927,94.0801144,34.2112362,7.313052000000001,95.5926657,78.8784,52.766937000000006,66.7948365,47.0748,23.9326,10.7062846
car-accident-00144.jpg,90.3097749,1.19853755,97.34332,20.7467824,81.3087,19.57575,89.9323344,56.34146330000001,26.7622352,96.8405545,9.011594,93.26777,27.11265,5.27864173,96.93756,33.8008225,2.8235159999999997,99.45036999999999,90.29536,63.870819999999995,51.7194331,44.2927659,5.06824739,2.66357753
car-accident-00158.jpg,93.61771,0.9057288,85.38296,97.5007057,89.40411,59.5394135,14.2154515,35.42259,59.9996448,96.25947000000001,4.588852999999999,90.84637,15.804642399999999,3.02536432,91.01213,20.1261148,4.773765,98.36176,58.041626199999996,97.48601000000001,7.888737999999999,3.4342944600000003,3.91783826,0.180023524
car-accident-00697.jpg,48.880288,43.30527,29.8513621,0.146762643,46.134479999999996,22.0417812,2.77733244,80.8374,67.9258049,99.03718,6.94941357,95.99058000000001,16.3336068,3.1386256199999996,70.77594,65.6095445,6.82737455,48.1204629,40.169270000000004,11.6288319,56.1113238,37.24711,51.1691,9.155529
car-accident-00220.jpg,94.92241,0.731488,99.6828139,6.708972,82.53585700000001,16.9666365,44.7862953,62.2291267,76.42835,99.3783057,10.005791499999999,99.04089,25.775176300000002,2.80944221,99.05414,24.832926699999998,5.12910821,99.9370933,97.2682834,96.53446,50.37194,16.3955659,11.818377700000001,0.155203557
car-accident-00070.jpg,34.25291,26.719686399999997,29.919800000000002,0.401836727,13.730453,66.11894000000001,1.59875061,67.21974,91.671133,98.96975,7.301686,73.7943,13.9872476,65.61914680000001,20.9875286,50.6103158,68.8564956,36.0703826,24.9671742,3.7763942000000004,77.13878,68.7170148,26.89188,12.807170000000001
car-accident-00420.jpeg,19.76384,22.1282259,55.1213443,8.90517458,23.6738756,93.56457,11.5779996,18.66634,94.9663043,98.73547,4.22055274,46.294006700000004,26.4554083,86.90947999999999,13.701723499999998,55.52585,88.40763,62.8038049,31.58992,23.3570814,77.03738,64.92482000000001,5.87260872,8.947932999999999
car-accident-00207.jpg,73.0917335,5.241096,95.13861,99.44729,86.28357650000001,98.95112999999999,6.15443625,8.394062,99.5298147,98.9342,11.714723000000001,95.06073,64.01146,7.28056654,93.31814,73.59073000000001,9.092326,99.27473,91.81872,99.66651,42.1276838,5.225979,1.2843327599999999,0.166772341
car-accident-00002.jpeg,70.0045943,2.16490589,78.7431359,54.34288000000001,65.2870834,29.257893600000003,19.6257159,82.40043,58.333456500000004,98.3047664,9.527507420000001,96.7192531,9.550682459999999,7.785587,96.64402,7.574046399999999,8.065302,94.0941036,19.9165016,62.41807,13.4607956,34.7099125,40.2591348,2.80099623
car-accident-00234.jpg,83.14296,9.286087,83.05434000000001,1.43772122,83.93836999999999,73.5391,4.187474,73.97504,90.0763154,98.2533753,29.7969759,98.95857,13.5926664,4.336648810000001,97.00632999999999,34.568747900000005,10.0927763,94.42112449999999,69.77274999999999,26.456067,73.5944748,61.81448699999999,24.0685374,10.7722804
car-accident-00683.jpg,24.8816654,99.01372,8.084835,0.196785526,20.624736,17.9141939,6.3549935799999995,54.96305,92.2508061,98.91696,14.5292118,88.37678,77.4720252,10.243377800000001,7.79209,99.2889166,10.2990523,10.6703386,88.2140338,20.1444015,90.58592,56.9955766,15.3797582,19.3901509
car-accident-00541.jpg,19.2346483,1.500984,8.517746630000001,1.45196533,5.14080562,3.16314921,5.799532,58.114844600000005,24.1886958,73.46387,9.98481661,89.4944131,1.38664125,2.663067,86.28056,1.76756,3.25004719,13.7719229,2.23995931,2.74753626,4.91727851,5.92732653,68.18802360000001,14.4077525
car-accident-00166.jpeg,72.12004,2.75269914,76.61812,67.66813,54.420006300000004,32.234829999999995,24.5831683,31.5110028,64.50896,95.43751999999999,5.82158267,90.82185630000001,15.0235683,4.0806435,86.2938,28.514874000000002,3.998402,94.9000537,39.034150000000004,81.49444460000001,11.981650400000001,14.141553600000002,8.366062000000001,0.600784272
car-accident-00108.jpg,10.2739081,3.7494029999999996,42.6478267,1.20973764,16.086033,11.7208928,18.123284,88.7999,33.1771523,94.8161244,21.513427800000002,98.1555164,2.4638027,5.12669161,97.07607,7.660163000000001,8.17428753,56.654644,18.8489109,4.86213863,16.0723045,34.3504429,29.5472264,89.27509
car-accident-00586.jpg,9.857372999999999,21.337790000000002,3.866966,0.06361491,3.90278548,1.4509668599999999,31.658566,62.7429664,16.854248899999998,91.90512,7.06751,77.38294,18.961836400000003,3.90944555,34.2189461,70.52922000000001,1.40780415,10.308416900000001,9.05937254,1.1286930000000002,28.4280777,18.59653,12.8445953,43.3855742
car-accident-00649.jpeg,88.58492369999999,2.1663073500000003,20.5042616,1.65177416,9.840436,23.039858,3.27272266,70.3340054,48.90567,97.915715,4.704102000000001,94.4960833,4.87901568,1.049305,94.50410000000001,5.439522,1.5237906,38.098302499999996,23.8396183,23.4354854,5.0333429999999995,7.0534884899999994,62.39987609999999,0.6283515
car-accident-00048.jpg,19.20765,6.72884658,77.0821333,0.8074704,27.1103472,28.051160000000003,19.675135599999997,87.1522546,45.3280061,96.0563064,23.5945463,96.9182551,11.176491500000001,6.2640585,93.3898032,24.9914736,9.840468,78.7220359,35.6364161,4.07476574,50.84542,52.17289,26.240989999999996,70.78002690000001
car-accident-00153.jpg,83.92703999999999,4.533573,92.9434359,91.70623,71.75584,78.70629,26.898509999999998,26.346314,91.15944,98.4881163,6.21490628,90.48620000000001,36.5768015,24.415043,89.98559,38.9502138,25.034076,98.13833,64.25076,90.8193648,49.1114318,44.7967172,8.6834535,0.69962875
car-accident-00594.jpg,90.35016,24.241025699999998,61.37583,11.3945849,51.04461,47.5554019,3.915399,91.18210669999999,86.00229,99.6839345,16.6342884,99.7562349,6.732224,4.10534143,98.11838,27.93204,6.691803,84.93172,63.5629535,61.1313939,38.2413119,41.28643,74.18279650000001,1.86736416
car-accident-00064.jpeg,78.7625134,8.16620141,80.71304,7.445024999999999,81.72878999999999,52.099289999999996,11.681969500000001,40.8974439,79.2883635,97.27501,7.33663961,94.65252,12.61803,6.743647,87.23686000000001,34.48127,8.45455453,91.96564000000001,46.6799051,50.61593,50.11601449999999,34.69813,9.287358,6.938865
car-accident-00004.jpg,63.5044634,22.3486781,71.11299629999999,96.9822168,64.9050355,89.166,7.608255,27.4919957,94.8756456,97.70273,14.2101541,90.668577,32.1320385,11.7486149,65.2495444,66.41789,10.7860446,91.2797332,48.437819999999995,96.4267135,27.5265545,9.250646,3.1992767,0.5708862
car-accident-00663.jpg,36.59748,1.18802255,97.84362,4.693154,6.273480500000001,10.8366922,21.046936499999997,74.57712,46.51942,84.27553,51.88301,95.57728,20.8257154,5.21572232,92.29971,16.852610000000002,13.7979716,98.91244999999999,75.1566,29.379493,47.3553,28.71301,36.4370763,1.8306816
car-accident-00654.jpg,93.469286,3.1242099999999997,94.66297999999999,84.5929146,82.60802000000001,53.889900000000004,5.68163469,28.17579,92.45829,79.50934,42.2250152,88.62086529999999,25.0738442,4.329785,83.54092,27.500143599999998,4.19318639,98.60193000000001,95.88294,97.66146,21.7132509,22.5428253,0.8074188,0.07059559580000001
car-accident-00637.png,94.3397641,3.9158180000000002,3.719864,3.52007374,9.700648489999999,4.53526974,1.04455594,92.17069,17.7097172,92.1918452,4.165253,92.0602143,4.130279,1.00675691,89.91802,6.031088,2.799626,10.615027000000001,7.074305,9.798767,3.52382436,2.29531415,97.21265439999999,0.4480389
car-accident-00105.jpg,6.893195,2.1385543,35.24936,0.9435513,8.01556259,8.537137,41.216144,88.3796,25.8607656,92.57244999999999,29.702250000000003,97.88789,3.05169746,7.344225,97.92901,7.475236000000001,7.626331,39.644432099999996,14.6895617,1.9657338,16.0633951,34.04118,34.8325431,96.07591
car-accident-00431.JPG,32.536559999999994,43.820872900000005,38.417249999999996,0.21294085299999999,29.592898499999997,26.415333200000003,6.329054000000001,76.6621649,82.65325999999999,99.46083,4.91832569,97.7829158,8.154198529999999,4.25331928,78.8204432,36.63782,12.5578478,58.225774799999996,45.1443076,12.398534999999999,34.4754249,73.1067061,32.403310000000005,22.8487447
car-accident-00006.jpg,89.3161654,2.34909151,86.30852,66.63618679999999,82.55472,80.50271,8.404701000000001,28.947699999999998,93.3981,99.0430653,4.4097092,95.9539652,12.5085175,6.298616999999999,91.91021,33.6951017,6.9164,97.48774,62.75039,87.41696,41.6161627,18.590445799999998,3.33804,0.6242443
car-accident-00333.jpeg,62.916709999999995,3.9823837600000003,98.82983,2.50904765,60.91582,14.5424172,25.541819999999998,77.96427,55.067370000000004,99.2369831,7.990625,98.22955,29.9748272,1.3347126500000002,94.73988,50.262280000000004,2.7964184100000002,99.32613,93.88408,76.8282354,55.081709999999994,18.8935265,7.491907,0.872437749
car-accident-00142.jpeg,72.04057,3.378657,86.83975339999999,69.665724,59.31328,33.7504774,24.8249471,50.7353544,49.11673,97.929734,3.09998561,91.60811,12.9464522,4.99406867,88.58418999999999,28.497338300000003,4.03343067,95.93173,61.215835799999994,84.88683,21.7414975,16.515848,6.87373057,0.6171109
car-accident-00314.jpg,23.867546,2.53438763,80.6144536,0.184741907,12.23013,11.10625,21.3144854,90.73274,28.0344665,98.7144768,8.654943,98.58192,4.2228580000000004,2.5688014900000002,96.1764634,12.855126,9.353768,83.0885351,24.261643,1.7413195199999998,35.3584021,39.0319824,34.836240000000004,78.1861365
car-accident-00239.jpg,59.49468999999999,3.574413,82.2104752,1.7310898799999999,48.5993445,42.849495999999995,29.379870000000004,36.5022838,46.9953,97.9114354,2.5970025,93.63669999999999,25.349290000000003,0.9806187,93.59185,49.93427,0.9556297,87.34501,61.920493799999996,29.20582,42.711761599999996,22.9121387,3.7995967999999998,6.8834800000000005
car-accident-00005.jpg,80.70345,3.5282479999999996,94.05811,93.46065999999999,83.34025,70.2381551,8.63331,58.94903540000001,78.79270000000001,97.5668252,10.2370039,96.75804,13.476976800000001,3.21431421,96.45372,17.7581921,3.04479375,97.1877635,60.2414966,95.3123331,7.742954,12.518222600000001,8.561798,0.672536157
car-accident-00114.jpg,37.0889753,2.6839323299999998,80.39498,0.5098557570000001,25.8471638,18.7906176,8.129106,87.7600551,46.77489,92.7539647,34.181967400000005,96.190685,10.1535782,5.33574075,92.79231999999999,14.016483699999998,9.093319,89.25278,22.92184,4.243823,41.3895726,55.7120442,45.94883,38.7681127
car-accident-00284.png,51.191455100000006,6.021321,91.58418,7.273012399999999,32.96776,28.408083299999998,29.9451023,82.68818999999999,46.17136,97.88181999999999,15.3626859,97.2862065,14.558281000000001,10.0576639,95.6306458,21.3138476,19.661358,95.52609,51.5037835,16.210371300000002,66.95274,45.0605541,44.87422,14.156824400000001
car-accident-00349.png,28.001573699999998,6.50949255,79.6708763,1.6904084,46.3810772,72.23488,7.8056589999999995,49.255088,87.2854531,98.08474000000001,8.103615999999999,95.03047,12.906853900000002,4.51059751,88.35007,42.86403,8.044303,83.13802,48.6119777,9.266607,44.6445972,55.1527739,13.9947131,34.10689
car-accident-00568.jpg,3.2161693999999996,2.01660562,39.5412743,0.148905138,3.4961715300000002,5.85855544,9.765801999999999,91.36909,16.8622553,97.7179945,4.4333160000000005,98.58234519999999,0.695939455,2.1151732699999997,95.9015965,3.4576583700000003,8.291679,45.4993159,7.108041,0.3776947,10.25531,35.8071268,35.618263500000005,86.99903
car-accident-00644.png,78.5313547,2.77139284,31.167534000000003,0.339380978,13.3252859,10.806911399999999,1.2982258599999998,96.08549,8.602665,99.21343999999999,1.950215,98.60355,0.650150655,2.6517154599999997,95.45068,1.14743272,13.7523234,56.58707,9.626376,1.76928714,9.255897000000001,12.665987000000001,97.07005,0.487114862
car-accident-00168.jpg,87.5456631,4.68536355,90.8166051,97.73759,77.6220858,65.4756665,34.066078100000006,43.85441,78.943,97.5566,10.5366655,90.04979,18.2496533,8.714691550000001,91.13147000000001,22.5068972,7.2508870000000005,96.87297339999999,64.58121,98.60867,11.6625778,22.16053,3.0225886,0.230106339
car-accident-00010.jpg,38.604787,3.53508331,66.7492151,92.51549999999999,38.5810643,83.53062999999999,8.074799,4.766274999999999,90.865,83.00795,5.70327751,57.62594,18.327581900000002,19.86071,50.78442,30.2835017,16.2544161,88.3551538,39.6928519,90.76103,12.394172000000001,9.886823999999999,4.024434,0.283878949
car-accident-00392.jpg,30.501022900000002,4.41306531,78.98872999999999,0.502555165,23.4683156,31.948787,5.75584173,81.15978,49.51717,98.73617,3.1274762,97.92349,3.5008695,4.424576999999999,94.88698,10.6919862,22.700467699999997,86.5352452,22.6306841,2.40870267,32.6300532,43.8608021,55.68536520000001,55.952420000000004
car-accident-00570.jpg,12.7440378,3.17775942,21.6922656,1.50416112,5.636161189999999,6.502499,9.129229,66.2725568,42.8383768,90.52574,11.246918899999999,97.0690846,0.8864377,4.29044962,94.52741,2.637468,8.675939589999999,33.332139999999995,5.84677532,1.7694046700000001,8.496411,29.63401,30.6177378,68.08933
car-accident-00100.jpg,11.3074571,14.0942544,36.2728357,0.29563533599999997,7.949341,18.378472300000002,74.50533,63.71696,13.584791099999999,96.07207,8.625178,91.47169000000001,31.7010731,5.03791,88.7556,62.60603999999999,4.414718,42.1783775,20.740655099999998,1.19300531,53.3776939,45.6118882,31.90832,80.92951000000001
car-accident-00055.jpeg,39.325034599999995,4.65667769,91.95822,1.07195573,25.7460415,31.6675574,13.0360439,88.03419,43.402147299999996,98.65684999999999,9.122979,97.39845,11.3490231,5.939919,92.94767379999999,18.9192489,26.139646799999998,95.58324999999999,55.355513099999996,8.6677514,54.809314,44.0714866,58.79879999999999,6.6569519999999995
car-accident-00133.jpg,80.19416,1.7298758,88.1483257,90.96621,63.340753299999996,87.72870999999999,6.776303,12.096521300000001,92.81065459999999,89.8674548,21.4953661,84.27987999999999,21.3683948,6.19987622,82.6290965,26.544782500000004,7.0684830000000005,96.0334,58.77384,97.3594069,11.1469589,6.414079,3.00379246,0.112324173
car-accident-00577.jpg,11.0748783,12.3862267,43.9673781,0.42458569999999995,13.609088999999999,28.017550000000004,31.534305200000002,78.81897,39.1442537,95.7733631,24.0042046,95.95201610000001,8.470967,8.019471,91.37883,28.950779999999998,12.1261634,48.0457366,26.143050000000002,4.27975,36.5947336,49.6096,35.7536077,81.7261
car-accident-00022.jpg,41.586697099999995,2.20343079,70.47295,0.9988525,37.5384033,12.957158699999999,28.132876800000002,77.0185947,60.867059999999995,90.221417,50.63828,98.1387258,12.2275844,1.994694,97.4676132,22.9572341,1.84564423,84.60541,54.815554600000006,14.1612142,36.6561234,45.8075464,8.402650000000001,57.33646
car-accident-00255.jpg,28.142395599999997,4.55678962,50.5962968,4.80677,22.3345086,12.537357199999999,26.071876300000003,86.2316132,52.581894399999996,88.87644,49.11117,98.11798,5.628515,7.7424789999999994,96.2079346,17.8539976,6.186425310000001,67.49612,28.43903,13.920060000000001,17.3287392,43.86204,23.4929785,69.37382
car-accident-00087.jpg,10.7692674,1.4414647600000001,71.8140244,0.234248256,10.8622476,5.07495664,15.4157579,95.540154,22.161062100000002,97.217226,26.4846116,99.2116034,1.93802379,3.04769222,97.8562534,5.083067,6.671829999999999,83.38045,9.875807,1.92329735,12.6322821,48.190045399999995,66.2368655,55.636304599999995
car-accident-00667.jpg,19.4252267,1.48943933,72.50717,8.317766,25.72676,73.34649,3.6691420000000003,29.756397,51.65873,48.5647053,22.675712400000002,15.367303800000002,19.70556,35.3993446,19.2063749,28.1433046,18.5453013,77.0143,44.919383499999995,6.569605000000001,43.5455829,43.160975,1.45879788,1.0784464900000001
car-accident-00262.jpg,46.2296963,0.8962203,94.4443166,10.955148900000001,40.121263299999995,40.344253200000004,50.0768542,68.22822,55.62780000000001,98.00321459999999,16.1869854,93.25211639999999,15.5184954,30.0284863,91.81175,27.205553700000003,22.1368775,98.61145,70.00524999999999,38.0115032,45.7395166,40.633829999999996,19.4615766,4.915057
car-accident-00162.jpg,63.429959999999994,1.0656255300000002,98.3755648,65.93226,70.3445256,28.12638,15.2867556,57.5127244,63.26939,80.93487,42.21949,89.17865,25.381743899999996,2.73931958,91.0701931,16.4208367,3.5386126499999997,99.34269,94.2772567,97.36255,20.342147399999998,8.57638642,1.36567773,0.23321507
car-accident-00391.jpg,29.599204699999998,1.51272546,93.8338935,1.38338553,29.545086599999998,29.2511761,21.779865,74.79633,58.633184400000005,98.83005,9.976929,97.6097167,10.6439516,3.24737,96.164155,18.7860355,4.93143462,96.8918741,27.493319999999997,14.760018899999999,40.17101,39.5033926,34.490781999999996,8.308836999999999
car-accident-00439.jpg,16.7140976,36.26269,50.6764,5.98732941,23.1965274,98.54507,2.7351739999999998,40.6383485,98.27412,99.7902,4.2632594699999995,52.051840000000006,17.552300000000002,96.6267467,22.0567331,44.550650000000005,97.66612649999999,71.3988543,47.8432268,29.0240467,68.89037,75.3042459,22.212179000000003,4.17025536
car-accident-00659.jpg,33.092913,1.9385818400000001,97.41256,1.6922248500000001,26.687854500000004,13.1158367,36.80921,89.78532,24.287895900000002,55.06535,93.2281554,94.11289000000001,37.73777,1.2934261,92.17949,31.550875299999998,1.78270154,96.75487000000001,81.34652,14.8269236,71.05376,49.11774,3.3455909999999998,16.6023061
car-accident-00482.jpg,12.2670829,3.595751,75.39112,8.92932042,9.870323540000001,8.0130145,13.435466600000002,76.65832639999999,29.79674,98.05745999999999,1.922434,92.96523,8.209258,3.28797475,88.24791309999999,9.735481440000001,6.589903,85.65169999999999,22.8964582,9.17740539,24.8104647,40.95775,22.228157500000002,8.8734746
car-accident-00556.JPG,22.9984909,1.89041551,81.5221548,1.6509803,19.1237584,21.2338552,23.257021599999998,79.41508,19.350351399999997,88.3938551,44.421890000000005,94.344914,9.767784,5.52975945,89.62557,11.886339999999999,10.0936413,91.48019,42.8595036,8.97686854,41.2528843,27.203032399999998,25.414827499999998,13.342367099999999
car-accident-00470.jpg,18.7497541,2.9034799,81.52864579999999,2.02974528,25.18767,16.2418291,14.314052499999999,91.52031000000001,18.5102865,98.48428,7.441794,97.2580433,3.7243787200000003,8.564045,94.05718,12.99851,16.4804071,92.5862432,21.28728,4.894351589999999,26.559844599999998,41.4780855,61.159200000000006,22.5079283
car-accident-00393.jpg,34.4342023,2.3221274800000002,90.5465,5.93161248,31.92214,40.1354969,19.7880924,65.02215,70.92532,97.36497,18.651017500000002,96.90229000000001,10.1483054,10.5983138,95.4112,17.313335799999997,14.1126335,97.0480263,34.8098516,14.867968900000001,56.75555,44.76326,43.9853281,8.131207
car-accident-00698.jpg,24.9738038,22.9034945,63.90881,1.42610716,28.1370252,40.259262899999996,3.87620553,86.66837,73.47364429999999,97.65010480000001,21.205306099999998,96.72619999999999,25.0276834,4.904235,80.85755999999999,68.8102543,6.87585,70.70228,35.6522024,7.844953,51.80384,63.6872,31.5989017,34.68998
car-accident-00681.jpg,15.346870000000001,40.7754183,60.641259999999996,0.9929416999999999,14.288829999999999,20.895285899999998,16.1269322,81.25358,62.365,98.80821,11.307013000000001,94.02684,33.9199543,13.2634789,68.9671338,66.5120661,21.202930000000002,62.5099659,31.05714,5.5771894799999995,52.538059999999994,68.79086,48.6765444,22.7291524
car-accident-00208.gif,72.83038499999999,14.2393827,63.788473599999996,98.18438,82.02490999999999,96.13831,8.312308,15.2215511,96.23349,90.33852999999999,25.4822284,68.6245441,57.73837,25.6894946,48.5966235,72.24101,25.037226099999998,88.37402,64.636296,97.34667540000001,35.8105123,11.3770843,3.1404710000000002,1.21677006
car-accident-00101.jpg,19.984448,1.7565177800000003,23.6358419,7.585766,12.108865400000001,5.7527479999999995,17.6287338,75.6750464,33.1449658,74.06205,53.90287,95.60274,3.17182429,4.180064,95.56272,5.14190942,4.005272,45.47958,8.914871,12.093012,4.0616367,18.97401,28.402015600000002,60.559576699999994
car-accident-00451.jpeg,8.735107000000001,5.263082,76.90418,0.687826751,8.56239,6.675008,8.884174999999999,93.6101,14.845868900000001,95.68781,13.036990000000001,97.40446,3.13582122,2.16008779,94.6503,4.8280056600000005,8.024386,75.08882,13.1918445,2.20867414,23.3360365,44.198969999999996,58.4435165,32.7077985
car-accident-00682.jpg,23.9729792,28.2668859,44.78658,4.93195243,12.2963965,21.5123,21.206951099999998,68.84734,73.79681000000001,97.5566566,16.265496600000002,96.35699389999999,21.342734999999998,7.59676844,84.51089,49.387389999999996,9.694711,53.25308439999999,19.5916817,14.283917800000001,35.1334274,50.730180000000004,33.4603518,27.4539262
car-accident-00553.jpg,29.148249999999997,15.831708899999999,54.0723,9.518554,55.9466362,25.765714,44.238826599999996,71.65953,53.46669550000001,96.92475999999999,29.1310519,96.85510000000001,22.168309999999998,5.61409,93.07012,52.18026999999999,3.10069323,75.47682,56.69088,46.7495173,29.17556,41.19758,11.325668499999999,50.357169999999996
car-accident-00537.jpg,19.985722,6.753107,40.331762999999995,0.9014117530000001,17.7744269,5.434692650000001,67.45179,58.1244349,23.369807,95.04162670000001,13.1031051,91.7448,19.877483,4.97147,90.3641641,35.440957499999996,4.258246000000001,64.53067999999999,47.193259999999995,8.28663856,35.97069,39.9215341,21.9917119,55.34575
car-accident-00696.jpg,12.958388000000001,86.2447858,13.2939041,1.73827987,7.328877,10.0406758,2.99597047,44.80851,78.08662,95.026356,4.0844854,90.3520763,20.6990823,2.244225,21.75864,83.06487,4.521095,19.472903,36.1492127,13.9589444,25.884600000000002,30.98789,32.6755553,8.301206
car-accident-00124.jpg,82.2575748,1.22266738,63.11199,62.662729999999996,49.8823345,43.426403400000005,6.667887,2.82274224,82.57247,65.87597,5.10486551,35.7156873,47.62136,2.29796711,42.0373857,48.207660000000004,1.55743528,84.610635,49.2710978,84.3125,20.15475,0.6594752429999999,1.25872307,0.032844519999999995
car-accident-00390.jpg,44.363209999999995,2.31607351,92.89041999999999,5.957146,43.656909999999996,45.3487158,19.942461,79.36554,69.640696,99.06003,10.3955723,98.2543,5.77212237,20.774677399999998,96.8598843,15.7316133,25.9762526,98.48416,65.08322,23.62368,51.787870000000005,50.3552258,45.5107957,9.830795
car-accident-00573.jpg,12.97013,0.9572388,55.98912,1.94353536,12.9134789,4.215396,27.786060000000003,84.17379,20.4571322,83.66612,31.7575961,96.21674420000001,2.49498226,2.60850415,97.16328,3.076423,4.09119725,77.77193,12.8069088,7.709138,8.358694999999999,15.381856299999999,39.9863064,68.20612
car-accident-00326.jpg,76.26955,7.401046999999999,90.08147,50.225764500000004,84.06742,72.62297,12.5031471,46.0916251,92.2258735,90.06868999999999,48.81519,91.59811,25.5355954,23.0587721,86.66955,38.40142,17.9494977,96.88176,67.05636,75.03592,44.8572159,65.02957339999999,8.329772,4.270203
car-accident-00336.jpg,40.97065,11.1199751,85.36802,4.67761829,20.6012651,33.84117,36.781162,75.3096759,73.3869433,97.29024,27.8377861,96.8156934,28.09496,10.2033496,88.94684000000001,47.8943944,17.1224684,92.23976,64.27007,35.35286,68.51812000000001,41.13835,29.631483600000003,8.80954
car-accident-00519.jpg,7.564582000000001,9.064608999999999,66.0769641,1.32766915,9.347018,11.904055600000001,68.53644,89.96476,6.844509,92.60298,23.106701700000002,91.73911,18.7070459,7.313941,89.93514,28.895500000000002,8.275781,67.33218,27.5779039,2.31921021,28.488016100000003,50.57157,51.109179999999995,77.7065635
car-accident-00277.jpg,70.6170559,2.2091696,89.36237,3.3715263,70.06605,47.091502,11.3882266,41.3779825,87.41669,97.8355348,11.0179991,97.0733643,10.0760147,4.50655334,96.13464470000001,24.4826853,3.1161315700000003,94.37295,82.87333,68.00844670000001,45.0853318,41.9548184,2.89429314,5.89484535
car-accident-00712.jpg,75.1604855,4.427753999999999,87.98015,5.549856,81.27197000000001,40.538907099999996,16.160515,56.60555000000001,77.5434434,97.9234636,21.090824899999998,93.8591659,29.978415400000003,4.48712073,91.33612,52.86956430000001,4.604807,95.73614,93.0811465,84.43984,52.9119432,30.047562700000004,3.47199328,2.12820433
car-accident-00027.jpg,15.7984331,3.91851254,73.5722,0.7256386,28.25938,22.4893227,14.5826921,84.32659,48.8180071,98.75747,8.781067,98.8781,3.1767499999999997,3.6620833,96.89323,12.33794,4.4497925799999996,76.98751,38.8011,8.294399,36.2323344,52.108019999999996,14.9920091,55.108904800000005
car-accident-00008.jpg,94.3716,0.7167633,88.2649839,52.96340000000001,88.973,37.147814000000004,4.706465,20.22709,81.6511154,88.35286500000001,4.62624468,87.3970568,10.9480418,1.4489593,87.11542490000001,17.498582600000002,0.458540674,98.7231,66.2521243,91.69696,26.2530833,12.5848338,0.353755336,0.03897209
car-accident-00467.jpg,35.02159,0.472857337,64.5003736,0.68980935,1.891762,0.666903844,5.1935389999999995,97.44931,11.2307914,98.83291,4.91325147,99.46495,0.7443400569999999,0.8377878,99.45279000000001,1.122747,2.21258029,93.241024,2.1045089999999997,2.31705923,1.5525491,17.0988947,98.65141,1.19857658
car-accident-00423.jpeg,20.233458300000002,4.1444167499999995,79.75383000000001,36.1386776,31.83014,90.0391757,6.936153000000001,63.127599999999994,92.2301531,99.46444,4.211377000000001,96.0904539,62.504380000000005,1.4900797000000001,97.7461,28.69003,2.5709783699999997,81.8052948,6.3236735799999995,34.5706016,12.2484364,50.303200000000004,78.64291,8.539966490000001
car-accident-00283.jpg,74.57642,14.0426517,92.53710000000001,22.666001299999998,82.5256169,63.219016800000006,16.699075699999998,71.03514,90.59915,97.8695035,37.60706,99.10391,12.2930951,9.872550519999999,97.39529,29.81777,9.59424,97.28869,91.13326,89.84415,62.79247,48.191463899999995,9.495610000000001,19.087200000000003
car-accident-00421.jpg,24.3276715,15.0533959,62.1203661,3.2278657,47.1017182,98.4476268,1.38563355,13.2803738,98.92537999999999,99.45305,6.002346800000001,32.9315037,11.0297643,97.12862,10.888985499999999,40.6296134,96.219,74.021095,31.432443900000003,17.6867634,64.74142,67.9791033,6.252881,4.5137874799999995
car-accident-00163.jpg,83.4876,0.9408428,91.9605732,93.031317,84.71056999999999,44.6999282,20.775237699999998,44.0828651,76.0675,98.7667859,3.195494,96.05510000000001,12.0411061,7.065676999999999,96.6242254,26.0488063,2.85433549,99.08964,75.21359,95.1711,19.7406784,17.4836725,2.59699039,0.37156143199999997
car-accident-00345.jpg,37.62144,11.421071,60.8578742,5.38438745,29.7265559,88.19109,5.28209545,10.6837831,97.25264,95.15893,19.7129592,90.81154000000001,48.3852446,3.1979979999999997,87.37611,43.9187825,5.53127341,68.32057999999999,33.3099484,20.37576,73.11509000000001,46.76842,7.309234000000001,6.66153058
car-accident-00650.jpg,78.910625,1.28168445,14.5797819,7.189017000000001,14.621563300000002,7.226502999999999,0.792415,72.4554539,31.4330637,93.25539,1.33521073,84.20603,3.6815807200000004,0.437353039,82.66206,4.446045,1.00451959,44.416450000000005,3.891848,7.436243439999999,1.89197268,3.0886014900000003,72.3576248,0.129466585
car-accident-00419.png,47.3659337,3.50999571,78.28987,46.517520000000005,67.54501,99.7268736,3.271705,4.10452932,99.58031000000001,99.17667,4.67083119,20.1062948,16.489994499999998,97.8818,15.5565962,33.917436,98.19775,89.5911455,54.158680000000004,65.09631,71.4420736,62.24893,1.728269,0.8952526000000001
car-accident-00337.jpg,78.78474589999999,1.14589129,93.6112344,7.610143,85.06181000000001,38.9683455,16.1085308,74.18005,57.6346755,95.41714,22.5732028,95.57223,11.407389499999999,8.56893063,94.33481689999999,20.0477913,6.211576,97.798723,79.28752300000001,52.84620519999999,69.81389999999999,47.2975582,4.131408410000001,7.891582
car-accident-00544.jpg,31.9230348,2.2301998,66.67478679999999,0.9977365,31.388098,54.13433,10.515215999999999,72.85598,63.801544899999996,98.00921,11.7285162,96.5361238,10.1533473,5.870934,93.08668,31.3555419,7.452103999999999,80.11016,21.9909683,4.67823967,32.7935278,42.6980764,12.2847177,59.2904568
car-accident-00408.jpg,74.355346,3.98393944,89.0996039,0.5335894,70.51241999999999,25.1280248,5.74309565,93.5835958,47.673544299999996,98.27171,25.2482325,98.2028842,8.89795,4.17536274,96.78280000000001,18.856346600000002,11.9408756,97.10014460000001,58.27523,8.984108,58.657000000000004,39.2893076,64.91029999999999,12.829338000000002
car-accident-00299.jpg,82.1446,6.13909326,92.7460551,9.06742,88.45976,64.68817,11.7533945,75.1194239,82.21657,99.18575,12.3755835,98.7971961,11.7913611,5.32818027,97.96721000000001,22.2340822,9.208625,98.40598,87.4422431,72.0407367,57.1779251,37.90043,20.046401,5.49099036
car-accident-00195.jpg,22.445343400000002,3.4412287200000002,11.554529500000001,54.85467309999999,9.141681,52.24231,0.9870243000000001,3.14723849,81.07543,41.6558146,4.28831354,18.9613849,32.599195800000004,2.3763710000000002,12.3097859,42.1076864,2.3960038999999997,33.3892047,23.9463061,44.0159,5.3872160000000004,0.8796317,2.80018412,0.177168718
car-accident-00039.jpg,20.45421,25.616776899999998,42.3128843,9.972649,17.77916,95.0859,7.218506,15.374516,96.75574,97.88028,5.1661600000000005,26.3459444,11.093968199999999,97.82955650000001,5.11954837,56.5699637,94.9527264,42.30547,34.0031356,21.9193608,70.834,73.21119,5.20137921,6.00568168
car-accident-00658.jpeg,23.57587,2.92521864,37.2466654,79.8416,14.2070949,76.55809,4.057225,3.5457250000000005,92.41007570000001,72.71176,8.456456,18.059428,4.751571,82.43679,13.233640799999998,7.589269,83.0046356,63.295453800000004,17.568031,60.0551665,19.878858299999997,6.39871955,7.696393,0.385137158
car-accident-00640.png,33.314189999999996,5.54848,31.403112399999998,1.2655960000000002,10.33269,27.13797,2.3056041400000002,87.87985,50.34972,97.8479445,14.2215744,95.7292855,4.9382224699999995,5.927766,92.09409360000001,14.480341999999998,8.494396,51.627135300000006,27.212002899999998,11.3068432,10.4216874,14.8259088,68.50482,6.7627124499999995
car-accident-00606.png,89.8031235,0.695431139,15.0599226,3.48371528,1.6654446699999998,0.8076629,1.94485839,69.1698551,23.5023379,86.8252754,7.498416,91.35002,2.98722275,0.7185557389999999,89.63571,3.579548,1.39960246,50.9797752,4.5517683,6.42715842,2.56098472,2.82412246,93.56699590000001,0.0118614451
car-accident-00115.jpg,17.8187028,3.16696726,23.2696027,1.01982374,10.5841756,18.0130541,15.416321199999999,63.38177,37.95986,94.2223966,9.354679,93.7172651,2.07124352,5.4480010000000005,85.69126,13.104941,5.06296754,30.172719999999998,17.1675727,4.08071056,20.7163185,28.379371799999998,13.7542054,37.34858
car-accident-00310.jpg,65.0958538,2.04715617,99.40946699999999,13.231954000000002,37.156060000000004,12.54612,17.4114957,90.08533,49.3249863,99.03571,9.537657,99.2507756,6.630092,3.69079523,98.10769,14.5306572,6.3567979999999995,99.785763,89.89492999999999,79.9799,41.17805,25.64786,32.5230062,0.49047097599999995
car-accident-00014.jpg,71.7948735,15.387927000000001,63.778310000000005,63.682574,59.60588,81.22608,2.18266025,29.6626627,96.50786,97.07314,12.1399589,93.02504660000001,20.4285,2.88213864,84.7553134,29.394882900000002,3.8459334499999995,86.90551520000001,75.6258845,94.4086134,11.06009,5.20238653,16.1229521,0.625149533
car-accident-00308.jpg,52.57811,0.8379268000000001,59.06380409999999,12.636028199999998,28.8924783,13.8595775,32.2470427,42.7279264,41.513889999999996,74.105674,15.206050900000001,87.9743457,5.94416372,5.366878,92.25033,4.68602665,3.354409,79.89675000000001,31.9907337,24.5801359,18.97974,26.1126935,15.637820999999999,13.3292079
car-accident-00583.jpg,20.1043427,10.7032545,49.710837000000005,0.2582337,25.0867,35.322243,12.1992826,79.3400943,57.68859,99.264425,4.986129999999999,98.44789510000001,4.59186547,3.25404331,94.8440969,20.3736961,5.5476339999999995,44.62828,23.9024758,3.52095142,33.8233948,50.996083000000006,25.9690344,65.7712936
car-accident-00143.jpeg,62.646085,6.531683000000001,68.34080999999999,97.2184,65.73890999999999,81.60697,5.35381325,28.731522,89.84741000000001,98.1503367,3.4370770000000004,95.7851946,19.7262108,1.5573021,86.55858640000001,41.4128721,1.82471015,90.17669000000001,32.243162399999996,91.72859,10.467767,5.39398938,2.80363355,1.11167328
car-accident-00379.jpg,50.173179999999995,2.47147083,93.4169054,2.89170668,34.2890084,33.899268500000005,18.32933,72.08771,58.130306,97.26444,8.095326,95.3051269,15.2988642,8.235488,93.2705,25.75655,15.106225,98.28508000000001,65.74356,13.894562399999998,54.9471259,55.7585239,36.6426766,6.852588
car-accident-00123.jpg,94.83498,1.2590775300000001,96.49898,10.2241687,65.33999,6.16998374,36.20572,87.18204,23.6133441,98.11604,3.09119038,97.4470735,8.251081000000001,1.17606446,97.82151,7.358567000000001,2.90751662,98.64331,69.67126999999999,85.29263,14.296598699999999,7.891355,34.6047163,0.368757267
car-accident-00443.jpg,12.6609638,10.4356967,38.278663200000004,1.7504388499999999,30.1835984,74.59184,5.981949999999999,70.2490866,79.16225999999999,97.62257,10.193569199999999,62.2807741,8.825458999999999,78.9843142,40.718543499999996,20.3765437,74.3733644,33.9874864,15.2499616,5.54871932,37.0407552,81.8591058,9.805866,51.74915
car-accident-00630.png,44.2378879,0.735241175,7.136521,0.5141164,3.7107143600000003,1.6179287800000002,1.67627074,87.8132343,22.6195082,94.38772,8.783185,94.8204458,1.37918042,0.965189,93.25947,2.3306082900000002,2.59480327,20.7447737,2.0832759999999997,1.89180579,5.169347,6.204581,85.740155,2.74976082
car-accident-00558.jpg,9.549053,2.045903,53.47625,0.9109861,15.431013700000001,12.421980000000001,14.9640128,86.72028,39.2685175,97.2717464,12.408064300000001,96.93054,2.0684903500000003,9.479716,94.04554,8.915049,8.15871,73.2024431,15.9897178,3.78948934,17.950755400000002,28.5448432,32.2527319,59.637326
car-accident-00442.jpg,16.0130769,16.496098,48.260414600000004,0.9399424999999999,14.2928481,86.99133,11.8047,50.485903,89.7223651,97.7171361,13.106979999999998,43.8698739,37.0966733,83.0962,23.762112899999998,57.36078,84.97456,48.7646,22.4301845,3.5685684500000003,66.88859459999999,75.72492360000001,43.163430000000005,40.520373
car-accident-00084.jpg,12.3202078,2.53643543,74.62702,2.0461157,8.387455000000001,16.9341654,11.353898,87.28881,34.6007824,98.5537,6.16444275,96.96346,4.099731,6.415977000000001,94.4717,5.29937334,16.7443648,78.58073,5.255927,2.337556,16.4613053,31.1694115,74.66496000000001,40.4793173
car-accident-00167.jpeg,93.17163000000001,4.307188,92.99367,86.1474752,90.3237641,45.4038471,63.695246000000004,74.63967,65.84778,99.4989157,7.561395999999999,97.443074,21.816432499999998,11.3059446,96.9062,39.6875232,8.258058,98.75322,67.37577,96.7605233,16.2886,34.94046,7.047320999999999,2.1482585
car-accident-00569.jpeg,20.650667,1.722489,53.92214,0.0896599668,27.43313,40.0658965,1.184892,27.134144300000003,66.16716,93.46951999999999,3.64872776,86.0196531,3.6755912000000004,4.75558,71.6550469,15.4299617,5.56346327,55.68142,25.9818465,1.242013,30.522963400000002,26.179219999999997,5.16274981,43.002978
car-accident-00668.jpeg,37.0062023,23.9443272,65.04088639999999,3.3059895,35.4621351,13.16621,61.57617,82.89023639999999,24.5991468,85.67465,57.77309,54.1708767,79.48859,16.6963965,34.53857,94.29527519999999,5.47649525,83.5905731,83.8193834,14.8202077,59.92665,59.982899999999994,7.151202,15.5596942
car-accident-00579.JPG,5.55303544,11.4824429,50.0171542,0.39023053799999996,7.2291240000000005,28.091538,53.26648349999999,76.4367163,22.902678,96.66888,10.208141099999999,94.34870480000001,19.3970174,6.109177,90.8023953,38.702177999999996,7.9387739999999996,47.690883299999996,11.516755100000001,1.3048664700000001,36.8310362,46.063786699999994,45.998156099999996,93.01509
car-accident-00383.jpg,85.47706600000001,5.59369251,98.3548939,11.6454922,60.3960037,22.699894,43.0475175,77.6477456,66.84444,97.97489999999999,26.558885,96.87502,25.090202700000003,13.3379579,95.1410532,25.24584,19.41092,99.49135,96.34810689999999,85.36765,72.5075066,36.2184167,24.7244954,1.01488223
car-accident-00563.jpg,10.9885484,7.067043000000001,28.529593300000002,0.347989053,10.512834,6.766913,56.611599999999996,80.58657649999999,29.249277699999997,89.79354000000001,40.66409,96.25769,8.962368,5.650873,93.97149,31.1846733,3.26503627,31.317610000000002,27.468457800000003,4.8217155,21.8166947,37.58131,21.4981049,93.7003434
car-accident-00695.png,35.3528917,4.82235476,42.903772000000004,1.1953488,32.0750326,6.16658367,16.51145,85.0565732,50.40106,86.95699,46.3805765,94.3631351,15.0469616,3.3874347800000004,90.41319490000001,29.8678666,4.1537974,77.46574000000001,18.3017462,8.262703570000001,15.1647061,35.8779728,32.6259583,55.32298
car-accident-00089.jpg,46.379828499999995,2.049627,95.7089,3.856765,24.0063459,9.855779,17.5580978,81.0941,50.750530000000005,93.3132052,31.6201717,98.42346309999999,12.556843500000001,3.6638196599999997,97.46072,15.47124,7.715468,99.0376055,62.45149,25.917723799999997,25.293967099999996,39.4263774,68.25999619999999,6.966322
car-accident-00036.jpg,22.0433235,2.2774362900000003,70.11131,5.36764674,26.4827847,14.374724,23.7736464,85.40328000000001,53.1996369,98.4312356,21.022597,99.00895,2.51226556,8.010545369999999,98.78702,6.818782,9.762601,85.09744,27.5965065,19.6100444,15.853515300000002,37.068101799999994,32.21015,48.782399999999996
